Simulation,Pass Rate (%)
100,36.0
200,36.0
300,47.0
400,52.75
500,55.2
600,57.49999999999999
700,59.285714285714285
800,62.0
900,63.22222222222222
1000,64.8
