Simulation,Pass Rate (%)
100,28.000000000000004
200,31.5
300,47.0
400,56.00000000000001
500,61.6
600,64.66666666666666
700,66.85714285714286
800,69.125
900,70.77777777777777
1000,72.7
